{
    "hyperparams": {
        "hidden_dims": [
            38,
            40,
            35
        ],
        "dropouts": [
            0.010549493516360873,
            0.05258943174200914,
            0.024559110569417147
        ],
        "lr": 0.007443868718109233,
        "weight_decay": 1.2345194916012054e-06,
        "batch_size": 128,
        "patience": 20,
        "optimizer": "Adam"
    },
    "val_score_optuna": 0.6502391490645296,
    "val_score_final_training_optuna": 0.6399532237390834,
    "val_score_training_full_data": 0.5478,
    "r2_score_training_full_data": 0.4510
}