{
  "hyperfaas-echo:latest": {
    "image_tag": "hyperfaas-echo:latest",
    "runtime_coeffs": [
      -3.225177641536165e-05,
      -0.0031229524646933307,
      0.04890171120170969,
      0.09595029492829109,
      5.3998197929703215e-08,
      -1.0692491791648524
    ],
    "cpu_coeffs": [
      1.0026429594423747e-07,
      0.09068862883071886,
      -0.004156507812807751,
      0.07583422688533108,
      -8.702119265043566e-08,
      -0.19238083112983162
    ],
    "ram_coeffs": [
      -0.30219715563505317,
      266629.18663552555,
      178.33838310544397,
      -25701.60539044844,
      0.046876979415880746,
      -112364.3229048606
    ],
    "sample_count": 2458335,
    "runtime_r2": 0.07900385113504327,
    "cpu_r2": 0.3367602528318506,
    "ram_r2": 0.5026547239860306
  },
  "hyperfaas-bfs-json:latest": {
    "image_tag": "hyperfaas-bfs-json:latest",
    "runtime_coeffs": [
      -0.0006872049597816962,
      -0.016423849337516103,
      0.5351035892578988,
      0.354044215760586,
      1.0366789634017812e-06,
      -10.317657710935684
    ],
    "cpu_coeffs": [
      -0.00017910787236119312,
      0.8383380005779733,
      0.13105232131358502,
      0.9058974490536703,
      -3.671143151673002e-07,
      -14.25457744576119
    ],
    "ram_coeffs": [
      590.0057410824335,
      366212.8863397096,
      91443.58313521586,
      -24984.26096989898,
      0.48567691052886164,
      -7763379.390550928
    ],
    "sample_count": 1306407,
    "runtime_r2": 0.2774690768424183,
    "cpu_r2": 0.5041401996509107,
    "ram_r2": 0.36758002655586264
  },
  "hyperfaas-thumbnailer-json:latest": {
    "image_tag": "hyperfaas-thumbnailer-json:latest",
    "runtime_coeffs": [
      0.0003286122978028133,
      -0.01759904448058542,
      0.2053762959866042,
      0.4554445705616075,
      2.7854440004557713e-07,
      -7.548271393520105
    ],
    "cpu_coeffs": [
      0.00012203479604536273,
      0.6149391145885411,
      0.0948475318548515,
      0.8341581941050521,
      -5.999330805130083e-07,
      -11.031908975852954
    ],
    "ram_coeffs": [
      -19.458116473668728,
      269207.4696789371,
      3792.8300656826323,
      20548.7769194175,
      -0.05746086603210074,
      520010.3558194861
    ],
    "sample_count": 1381928,
    "runtime_r2": 0.21807412809050797,
    "cpu_r2": 0.4623448959013461,
    "ram_r2": 0.4193790197759475
  }
}